algorithm,seed,timestep,episode_return_mean
MAPPO,0,50000,-1364.6641315554425
MAPPO,0,100000,-1522.259928249705
MAPPO,0,150000,-1601.6723635357198
MAPPO,0,200000,-1484.5146489742365
MAPPO,0,250000,-1514.5022169274278
MAPPO,0,300000,-1545.7921562216022
MAPPO,0,350000,-1590.9934478508856
MAPPO,0,400000,-1279.0926372730655
MAPPO,0,450000,-1481.718694470949
MAPPO,0,500000,-1490.385396907284
MAPPO,0,550000,-1455.8365529484608
MAPPO,0,600000,-1266.706228381028
MAPPO,0,650000,-1380.9061091348203
MAPPO,0,700000,-1640.950817449435
MAPPO,0,750000,-1540.2307264110711
MAPPO,0,800000,-1321.5719310999527
MAPPO,0,850000,-1500.2461590136568
MAPPO,0,900000,-1282.7438413734772
MAPPO,0,950000,-1410.466160487992
MAPPO,0,1000000,-1250.370477639748
MAPPO,0,1050000,-1175.3110137291842
MAPPO,0,1100000,-1188.8447224699298
MAPPO,0,1150000,-1313.3626848004562
MAPPO,0,1200000,-1333.2102268313122
MAPPO,0,1250000,-1339.2121628019577
MAPPO,0,1300000,-1193.1030246918388
MAPPO,0,1350000,-1405.9494368024946
MAPPO,0,1400000,-1293.3330145287418
MAPPO,0,1450000,-1360.3271981870134
MAPPO,0,1500000,-1466.590879612543
MAPPO,0,1550000,-1212.9422353295206
MAPPO,0,1600000,-1252.8552756522522
MAPPO,0,1650000,-1248.7718183372592
MAPPO,0,1700000,-1258.6404681154431
MAPPO,0,1750000,-1248.865655075423
MAPPO,0,1800000,-1347.7524408031743
MAPPO,0,1850000,-1206.5248361939914
MAPPO,0,1900000,-1329.9274734586677
MAPPO,0,1950000,-1146.1649699370894
MAPPO,0,2000000,-1167.4955047662409
MAPPO,0,2050000,-1171.8090727012016
MAPPO,0,2100000,-1331.3401480699
MAPPO,0,2150000,-1316.136680516177
MAPPO,0,2200000,-1247.6801697394392
MAPPO,0,2250000,-1203.447338577046
MAPPO,0,2300000,-1113.480163195789
MAPPO,0,2350000,-1152.1561159869343
MAPPO,0,2400000,-1318.4617536067306
MAPPO,0,2450000,-1194.7833617687145
MAPPO,0,2500000,-1231.8535514476716
MAPPO,0,2550000,-1309.44582081202
MAPPO,0,2600000,-1196.2081348295596
MAPPO,0,2650000,-1245.068991205968
MAPPO,0,2700000,-1103.8194691412343
MAPPO,0,2750000,-1165.9147080571324
MAPPO,0,2800000,-1425.1522389038569
MAPPO,0,2850000,-1239.321381428936
MAPPO,0,2900000,-1354.2847793876265
MAPPO,0,2950000,-1306.4593859821853
MAPPO,0,3000000,-1435.478324889248
MAPPO,0,3050000,-1185.430161423578
MAPPO,0,3100000,-1198.6852894877647
MAPPO,0,3150000,-1264.071534483748
MAPPO,0,3200000,-1492.6601732918712
MAPPO,0,3250000,-1404.0062118755088
MAPPO,0,3300000,-1244.55650776991
MAPPO,0,3350000,-1121.7974895041716
MAPPO,0,3400000,-1225.403499856311
MAPPO,0,3450000,-1213.18497865254
MAPPO,0,3500000,-1300.6387957864392
MAPPO,0,3550000,-1472.5594147210522
MAPPO,0,3600000,-1255.2685195456363
MAPPO,0,3650000,-1304.6562697143972
MAPPO,0,3700000,-1426.1223978654089
MAPPO,0,3750000,-1484.7458808495392
MAPPO,0,3800000,-1367.3843791869836
MAPPO,0,3850000,-1308.168389464104
MAPPO,0,3900000,-1472.5516977612397
MAPPO,0,3950000,-1350.930206422447
MAPPO,0,4000000,-1271.3090238402744
MAPPO,0,4050000,-1275.4739245180926
MAPPO,0,4100000,-1119.6371008327687
MAPPO,0,4150000,-1144.5798185855583
MAPPO,0,4200000,-1219.9911410559855
MAPPO,0,4250000,-1228.6580999315777
MAPPO,0,4300000,-1248.5030703337627
MAPPO,0,4350000,-1223.7737214577917
MAPPO,0,4400000,-1155.558118166451
MAPPO,0,4450000,-1428.1972842142306
MAPPO,0,4500000,-1202.3346870080345
MAPPO,0,4550000,-1250.5210905578474
MAPPO,0,4600000,-1319.469362045712
MAPPO,0,4650000,-1152.4302455658783
MAPPO,0,4700000,-1317.3857350796509
MAPPO,0,4750000,-1287.6280689281848
MAPPO,0,4800000,-1217.345791406657
MAPPO,0,4850000,-1244.5646751337467
MAPPO,0,4900000,-1059.167996321892
MAPPO,0,4950000,-1048.6103691752578
MAPPO,0,5000000,-1264.5628555697172
MAPPO,1,50000,-1381.4868591057896
MAPPO,1,100000,-1457.2633323822945
MAPPO,1,150000,-1354.5923295508023
MAPPO,1,200000,-1418.856672630349
MAPPO,1,250000,-1370.9016936853
MAPPO,1,300000,-1281.4270780583763
MAPPO,1,350000,-1209.3762146497904
MAPPO,1,400000,-1305.307015657688
MAPPO,1,450000,-1253.6542552472356
MAPPO,1,500000,-1321.1059227006222
MAPPO,1,550000,-1229.257703654527
MAPPO,1,600000,-1149.351049990781
MAPPO,1,650000,-1279.5329838375812
MAPPO,1,700000,-1420.80971417856
MAPPO,1,750000,-1352.2479976944192
MAPPO,1,800000,-1176.204594549262
MAPPO,1,850000,-1196.7805358855362
MAPPO,1,900000,-1332.0180306509603
MAPPO,1,950000,-1272.386126675911
MAPPO,1,1000000,-1208.5474806925558
MAPPO,1,1050000,-1443.6816454630784
MAPPO,1,1100000,-1167.7335937775638
MAPPO,1,1150000,-1378.8066208089872
MAPPO,1,1200000,-1073.5232397853142
MAPPO,1,1250000,-1340.0555413320672
MAPPO,1,1300000,-1378.1246331100388
MAPPO,1,1350000,-1289.8312978028252
MAPPO,1,1400000,-1396.448974946933
MAPPO,1,1450000,-1318.0292928891604
MAPPO,1,1500000,-1390.093238996779
MAPPO,1,1550000,-1254.3164221244758
MAPPO,1,1600000,-1390.641145962705
MAPPO,1,1650000,-1226.1752826566646
MAPPO,1,1700000,-1405.984389439389
MAPPO,1,1750000,-1196.8496406908787
MAPPO,1,1800000,-1238.5876189713233
MAPPO,1,1850000,-1183.502160882298
MAPPO,1,1900000,-1112.1046082071691
MAPPO,1,1950000,-1340.8012205529262
MAPPO,1,2000000,-1233.123646686283
MAPPO,1,2050000,-1161.0067269253552
MAPPO,1,2100000,-1172.9729438796269
MAPPO,1,2150000,-1310.7596881183692
MAPPO,1,2200000,-1110.5362357930808
MAPPO,1,2250000,-1242.6423710861184
MAPPO,1,2300000,-1298.842664241426
MAPPO,1,2350000,-1230.5990867239934
MAPPO,1,2400000,-1178.6196098230976
MAPPO,1,2450000,-1079.215105590394
MAPPO,1,2500000,-1308.8487302828528
MAPPO,1,2550000,-1208.4700948351622
MAPPO,1,2600000,-1251.2992388337673
MAPPO,1,2650000,-1158.4523141525883
MAPPO,1,2700000,-1259.2700086931748
MAPPO,1,2750000,-1428.1006152257855
MAPPO,1,2800000,-1299.758895590833
MAPPO,1,2850000,-1153.7038063863758
MAPPO,1,2900000,-1183.1651027041348
MAPPO,1,2950000,-1269.7488083876287
MAPPO,1,3000000,-1094.2857454690104
MAPPO,1,3050000,-1175.532554455432
MAPPO,1,3100000,-1333.991726743135
MAPPO,1,3150000,-1102.9154685111378
MAPPO,1,3200000,-1307.0349968515177
MAPPO,1,3250000,-1274.4090393871106
MAPPO,1,3300000,-1067.294289615895
MAPPO,1,3350000,-1215.250979848119
MAPPO,1,3400000,-1142.0729578914031
MAPPO,1,3450000,-1245.468338592882
MAPPO,1,3500000,-1203.959402303088
MAPPO,1,3550000,-1234.6293170175848
MAPPO,1,3600000,-1428.7271984509712
MAPPO,1,3650000,-1278.7684604734548
MAPPO,1,3700000,-1367.7366155851605
MAPPO,1,3750000,-1260.72915977157
MAPPO,1,3800000,-1193.4283131109476
MAPPO,1,3850000,-1274.0778588504927
MAPPO,1,3900000,-1207.192722817126
MAPPO,1,3950000,-1194.6106562482676
MAPPO,1,4000000,-1213.5715406604972
MAPPO,1,4050000,-1214.455900564417
MAPPO,1,4100000,-1123.0688863813568
MAPPO,1,4150000,-1134.4893636131694
MAPPO,1,4200000,-1389.336188663374
MAPPO,1,4250000,-1225.0636315779109
MAPPO,1,4300000,-1302.4494230968412
MAPPO,1,4350000,-1131.9153274182258
MAPPO,1,4400000,-1274.7997948145985
MAPPO,1,4450000,-1107.2018256978115
MAPPO,1,4500000,-1366.9830905622148
MAPPO,1,4550000,-1324.3034660562723
MAPPO,1,4600000,-1508.2083773488946
MAPPO,1,4650000,-1150.160382394546
MAPPO,1,4700000,-1231.4181206909473
MAPPO,1,4750000,-1070.015812617436
MAPPO,1,4800000,-1267.2726169214295
MAPPO,1,4850000,-1242.8996354690123
MAPPO,1,4900000,-1154.84047591173
MAPPO,1,4950000,-1214.8847451232211
MAPPO,1,5000000,-1253.103015460872
MAPPO,2,50000,-1498.381150278629
MAPPO,2,100000,-1442.1984905204697
MAPPO,2,150000,-1588.1016797250345
MAPPO,2,200000,-1482.7590261090477
MAPPO,2,250000,-1431.4687404938052
MAPPO,2,300000,-1401.3226574003656
MAPPO,2,350000,-1175.86787574298
MAPPO,2,400000,-1359.8453364310242
MAPPO,2,450000,-1326.3727132599845
MAPPO,2,500000,-1528.1620318850378
MAPPO,2,550000,-1402.2099147083647
MAPPO,2,600000,-1342.8530802177406
MAPPO,2,650000,-1450.1592765403202
MAPPO,2,700000,-1490.1827196241834
MAPPO,2,750000,-1502.600339461983
MAPPO,2,800000,-1321.6598879780165
MAPPO,2,850000,-1356.1908606916463
MAPPO,2,900000,-1356.360660291569
MAPPO,2,950000,-1223.3038819320675
MAPPO,2,1000000,-1236.912859788821
MAPPO,2,1050000,-1270.735054476483
MAPPO,2,1100000,-1299.660956593323
MAPPO,2,1150000,-1278.7777555431142
MAPPO,2,1200000,-1285.5451654568378
MAPPO,2,1250000,-1233.7663660401074
MAPPO,2,1300000,-1191.8184970782297
MAPPO,2,1350000,-1134.854466689414
MAPPO,2,1400000,-1209.0970398524566
MAPPO,2,1450000,-1205.6987462771085
MAPPO,2,1500000,-1329.4888111906037
MAPPO,2,1550000,-1209.252910074909
MAPPO,2,1600000,-1186.820805531937
MAPPO,2,1650000,-1218.411933103915
MAPPO,2,1700000,-1189.3237954435333
MAPPO,2,1750000,-1218.7628627072547
MAPPO,2,1800000,-1070.3483107306488
MAPPO,2,1850000,-1422.0707002450235
MAPPO,2,1900000,-1122.5888766877245
MAPPO,2,1950000,-1192.4580576234214
MAPPO,2,2000000,-1268.4260856714282
MAPPO,2,2050000,-1331.436432103203
MAPPO,2,2100000,-1355.7373028162085
MAPPO,2,2150000,-1315.713987420996
MAPPO,2,2200000,-1232.3220501675885
MAPPO,2,2250000,-1379.8218903834695
MAPPO,2,2300000,-1114.6127164874952
MAPPO,2,2350000,-1274.2606350731878
MAPPO,2,2400000,-1425.855110225342
MAPPO,2,2450000,-1247.7787706297815
MAPPO,2,2500000,-1223.9844415754617
MAPPO,2,2550000,-1278.9173454323177
MAPPO,2,2600000,-1175.1143653847869
MAPPO,2,2650000,-1117.9925448284089
MAPPO,2,2700000,-1284.965983500496
MAPPO,2,2750000,-1382.7903093913233
MAPPO,2,2800000,-1335.340972439021
MAPPO,2,2850000,-1210.9576048839926
MAPPO,2,2900000,-1162.3937400968707
MAPPO,2,2950000,-1314.05353772557
MAPPO,2,3000000,-1191.819149368969
MAPPO,2,3050000,-1269.1135591552531
MAPPO,2,3100000,-1108.1970143593303
MAPPO,2,3150000,-1188.5530619234378
MAPPO,2,3200000,-1110.739972382887
MAPPO,2,3250000,-1089.6263861673017
MAPPO,2,3300000,-1292.246821762911
MAPPO,2,3350000,-1128.0670810723632
MAPPO,2,3400000,-1195.5968124148865
MAPPO,2,3450000,-1198.0921872894487
MAPPO,2,3500000,-1160.4627662780088
MAPPO,2,3550000,-1311.9653190026297
MAPPO,2,3600000,-1218.226776733939
MAPPO,2,3650000,-1283.7326024254098
MAPPO,2,3700000,-1287.6958081340874
MAPPO,2,3750000,-1302.4689041110312
MAPPO,2,3800000,-1220.042159313939
MAPPO,2,3850000,-1300.9608642854137
MAPPO,2,3900000,-1310.7796216749705
MAPPO,2,3950000,-1237.6150916120832
MAPPO,2,4000000,-1203.7449361071026
MAPPO,2,4050000,-966.3033649015036
MAPPO,2,4100000,-1161.3267836110165
MAPPO,2,4150000,-1168.849527599843
MAPPO,2,4200000,-1118.8472718273924
MAPPO,2,4250000,-1124.8324845464947
MAPPO,2,4300000,-1248.7622632243172
MAPPO,2,4350000,-1177.0479772635715
MAPPO,2,4400000,-1069.7576508999878
MAPPO,2,4450000,-1114.8945887657133
MAPPO,2,4500000,-1126.674379863474
MAPPO,2,4550000,-1352.2264758074548
MAPPO,2,4600000,-1165.5449284034255
MAPPO,2,4650000,-1213.6449122734862
MAPPO,2,4700000,-1262.7204866905415
MAPPO,2,4750000,-1132.3837046342187
MAPPO,2,4800000,-1239.943067746276
MAPPO,2,4850000,-1113.4249483432468
MAPPO,2,4900000,-1131.788271250314
MAPPO,2,4950000,-1257.8402915241982
MAPPO,2,5000000,-1295.87935999738
MAPPO,3,50000,-1383.180745911345
MAPPO,3,100000,-1495.686579251127
MAPPO,3,150000,-1525.8192701191438
MAPPO,3,200000,-1608.4405474472676
MAPPO,3,250000,-1467.2357034006875
MAPPO,3,300000,-1591.1825592518387
MAPPO,3,350000,-1337.5492887898947
MAPPO,3,400000,-1199.5637718818805
MAPPO,3,450000,-1333.0836839605654
MAPPO,3,500000,-1248.578179366637
MAPPO,3,550000,-1301.409701985698
MAPPO,3,600000,-1284.53867423396
MAPPO,3,650000,-1205.8556220026087
MAPPO,3,700000,-1292.706143570393
MAPPO,3,750000,-1246.455792096781
MAPPO,3,800000,-1141.036504448596
MAPPO,3,850000,-1272.5102137664278
MAPPO,3,900000,-1428.6948959704553
MAPPO,3,950000,-1212.3194089724482
MAPPO,3,1000000,-1188.8486432041511
MAPPO,3,1050000,-1342.0201239439953
MAPPO,3,1100000,-1199.8366020035328
MAPPO,3,1150000,-1178.805894810959
MAPPO,3,1200000,-1273.6661043126053
MAPPO,3,1250000,-1154.230514024897
MAPPO,3,1300000,-1295.241097898541
MAPPO,3,1350000,-1208.685240751677
MAPPO,3,1400000,-1250.5703702359604
MAPPO,3,1450000,-1259.9633650621654
MAPPO,3,1500000,-1172.6718012993897
MAPPO,3,1550000,-1405.8694003071164
MAPPO,3,1600000,-1268.9647298482685
MAPPO,3,1650000,-1240.514373205659
MAPPO,3,1700000,-1280.2107594960376
MAPPO,3,1750000,-1367.0185770174107
MAPPO,3,1800000,-1146.303153118183
MAPPO,3,1850000,-1373.2781945316235
MAPPO,3,1900000,-1276.6261656112629
MAPPO,3,1950000,-1138.6383284186622
MAPPO,3,2000000,-1268.0182856102626
MAPPO,3,2050000,-1133.074257327124
MAPPO,3,2100000,-1281.6487865704771
MAPPO,3,2150000,-1264.5472694885702
MAPPO,3,2200000,-1412.451063942866
MAPPO,3,2250000,-1079.8389357778185
MAPPO,3,2300000,-1231.2242959184166
MAPPO,3,2350000,-1206.7842416471756
MAPPO,3,2400000,-1203.02404751283
MAPPO,3,2450000,-1309.2208598324066
MAPPO,3,2500000,-1345.6515835507948
MAPPO,3,2550000,-1248.1649350289297
MAPPO,3,2600000,-1170.000522063256
MAPPO,3,2650000,-1273.687542258403
MAPPO,3,2700000,-1299.159711307184
MAPPO,3,2750000,-1452.4178087418009
MAPPO,3,2800000,-1450.7589072430146
MAPPO,3,2850000,-1285.7719121858324
MAPPO,3,2900000,-1260.821057939433
MAPPO,3,2950000,-1163.1639235398914
MAPPO,3,3000000,-1209.6150408285976
MAPPO,3,3050000,-1385.845237146281
MAPPO,3,3100000,-1266.503246378871
MAPPO,3,3150000,-1230.452811207707
MAPPO,3,3200000,-1295.2777335674248
MAPPO,3,3250000,-1202.1668215331426
MAPPO,3,3300000,-1338.3910044858935
MAPPO,3,3350000,-1357.5671477511603
MAPPO,3,3400000,-1280.4925853786592
MAPPO,3,3450000,-1322.2825634371109
MAPPO,3,3500000,-1354.1961996573998
MAPPO,3,3550000,-1214.6663700961858
MAPPO,3,3600000,-1287.571879250885
MAPPO,3,3650000,-1181.6725729422822
MAPPO,3,3700000,-1227.2315989280405
MAPPO,3,3750000,-1261.61884209335
MAPPO,3,3800000,-1372.86835494567
MAPPO,3,3850000,-1361.0816672858805
MAPPO,3,3900000,-1220.8046575577887
MAPPO,3,3950000,-1244.439902267811
MAPPO,3,4000000,-1302.3635582918562
MAPPO,3,4050000,-1359.4048544106186
MAPPO,3,4100000,-1262.3881683544787
MAPPO,3,4150000,-1215.6498538098467
MAPPO,3,4200000,-1319.9822101333891
MAPPO,3,4250000,-1199.6737238164878
MAPPO,3,4300000,-1361.7918905389608
MAPPO,3,4350000,-1388.4873528960875
MAPPO,3,4400000,-1242.7221150535108
MAPPO,3,4450000,-1223.386252841507
MAPPO,3,4500000,-1215.7739191104345
MAPPO,3,4550000,-1627.9853773230425
MAPPO,3,4600000,-1156.943749506773
MAPPO,3,4650000,-1286.4202961296037
MAPPO,3,4700000,-1410.9809853434035
MAPPO,3,4750000,-1239.8942873402382
MAPPO,3,4800000,-1212.3139276955092
MAPPO,3,4850000,-1400.2450584936691
MAPPO,3,4900000,-1391.7231353498678
MAPPO,3,4950000,-1336.1437993729182
MAPPO,3,5000000,-1439.69965766038
MAPPO,4,50000,-1504.9025565658412
MAPPO,4,100000,-1281.7602730649282
MAPPO,4,150000,-1332.579937551939
MAPPO,4,200000,-1281.65523663006
MAPPO,4,250000,-1283.3728260299663
MAPPO,4,300000,-1242.3171734751947
MAPPO,4,350000,-1154.0591673034185
MAPPO,4,400000,-1315.9618489596824
MAPPO,4,450000,-1057.2332929172742
MAPPO,4,500000,-1205.5915452813692
MAPPO,4,550000,-1358.6967641656197
MAPPO,4,600000,-1003.3412494240386
MAPPO,4,650000,-1278.2000014197374
MAPPO,4,700000,-1192.0476749320303
MAPPO,4,750000,-1203.254828094317
MAPPO,4,800000,-1230.4044759237952
MAPPO,4,850000,-1191.824952683129
MAPPO,4,900000,-1253.6889689512118
MAPPO,4,950000,-1180.8975722879795
MAPPO,4,1000000,-1283.570468800557
MAPPO,4,1050000,-1284.3760616832244
MAPPO,4,1100000,-1208.1960760199531
MAPPO,4,1150000,-1263.3456917251629
MAPPO,4,1200000,-1208.496252833489
MAPPO,4,1250000,-1119.3990073012562
MAPPO,4,1300000,-1434.407690577469
MAPPO,4,1350000,-1268.7442895227266
MAPPO,4,1400000,-1251.2807971845011
MAPPO,4,1450000,-1206.4503247986615
MAPPO,4,1500000,-1162.7798608006526
MAPPO,4,1550000,-1186.3648115234696
MAPPO,4,1600000,-1265.0761391495917
MAPPO,4,1650000,-1208.4453683423303
MAPPO,4,1700000,-1236.387511310419
MAPPO,4,1750000,-1173.5497712107774
MAPPO,4,1800000,-1276.7768290209128
MAPPO,4,1850000,-1381.073115549263
MAPPO,4,1900000,-1225.5226920876094
MAPPO,4,1950000,-1226.240542940928
MAPPO,4,2000000,-1149.887367294851
MAPPO,4,2050000,-1143.7242715102918
MAPPO,4,2100000,-1169.8093245976752
MAPPO,4,2150000,-1205.1421363954228
MAPPO,4,2200000,-1351.7596419320782
MAPPO,4,2250000,-1378.5439539801853
MAPPO,4,2300000,-1339.439232043686
MAPPO,4,2350000,-1125.9716118781805
MAPPO,4,2400000,-1344.977444148223
MAPPO,4,2450000,-1390.1156638098732
MAPPO,4,2500000,-1357.4485436366
MAPPO,4,2550000,-1408.8677923754133
MAPPO,4,2600000,-1271.7617985331744
MAPPO,4,2650000,-1301.1682777785732
MAPPO,4,2700000,-1251.309940403111
MAPPO,4,2750000,-1244.266431689617
MAPPO,4,2800000,-1330.835094259756
MAPPO,4,2850000,-1194.0655664023625
MAPPO,4,2900000,-1176.6853013978505
MAPPO,4,2950000,-1161.4842005392516
MAPPO,4,3000000,-1148.289211234932
MAPPO,4,3050000,-1264.1983389856236
MAPPO,4,3100000,-1114.42050821956
MAPPO,4,3150000,-1320.9429523165777
MAPPO,4,3200000,-1171.2460351870411
MAPPO,4,3250000,-1136.2468905702574
MAPPO,4,3300000,-1064.8257154903745
MAPPO,4,3350000,-1154.82888647664
MAPPO,4,3400000,-1240.0860744848535
MAPPO,4,3450000,-1460.64024252867
MAPPO,4,3500000,-1221.369099000382
MAPPO,4,3550000,-1129.1524966593606
MAPPO,4,3600000,-1390.6081963752297
MAPPO,4,3650000,-1233.7342573904227
MAPPO,4,3700000,-1238.6546177068851
MAPPO,4,3750000,-1259.12423256704
MAPPO,4,3800000,-1185.2610359852856
MAPPO,4,3850000,-1225.1944311408238
MAPPO,4,3900000,-1293.3358542563728
MAPPO,4,3950000,-1454.7437354143342
MAPPO,4,4000000,-1097.694170153162
MAPPO,4,4050000,-1252.447569558617
MAPPO,4,4100000,-1107.9526179500904
MAPPO,4,4150000,-1333.833240592484
MAPPO,4,4200000,-1238.4828866446244
MAPPO,4,4250000,-1402.2337609874255
MAPPO,4,4300000,-1145.4811854063732
MAPPO,4,4350000,-1037.6438608104495
MAPPO,4,4400000,-1182.7231755713703
MAPPO,4,4450000,-1210.6711093954484
MAPPO,4,4500000,-1067.493402448145
MAPPO,4,4550000,-1085.8836785276792
MAPPO,4,4600000,-1130.2857531468214
MAPPO,4,4650000,-1357.3303222517998
MAPPO,4,4700000,-1231.725381351737
MAPPO,4,4750000,-1209.3899359485656
MAPPO,4,4800000,-1333.0795546325105
MAPPO,4,4850000,-1243.5403221222416
MAPPO,4,4900000,-1127.88575592636
MAPPO,4,4950000,-1114.2620593593172
MAPPO,4,5000000,-1296.885354382497
MADDPG,0,50000,-7987.071796455436
MADDPG,0,100000,-7681.020000286019
MADDPG,0,150000,-6467.176167151213
MADDPG,0,200000,-6329.873563661702
MADDPG,0,250000,-4664.748111641168
MADDPG,0,300000,-5714.323591753434
MADDPG,0,350000,-4710.415468431603
MADDPG,0,400000,-4698.0566859269
MADDPG,0,450000,-4711.659641160162
MADDPG,0,500000,-4689.016843341641
MADDPG,0,550000,-4648.396311415722
MADDPG,0,600000,-4718.706583220817
MADDPG,0,650000,-4712.421401851375
MADDPG,0,700000,-4724.2403186746305
MADDPG,0,750000,-4653.029874210095
MADDPG,0,800000,-4656.040492356217
MADDPG,0,850000,-4695.161737538536
MADDPG,0,900000,-4713.922276186768
MADDPG,0,950000,-4698.601959680056
MADDPG,0,1000000,-4663.467838218237
MADDPG,0,1050000,-4643.571461423444
MADDPG,0,1100000,-4665.132484688602
MADDPG,0,1150000,-4660.22268661785
MADDPG,0,1200000,-4702.872431376034
MADDPG,0,1250000,-4695.934359513736
MADDPG,0,1300000,-4655.265131438871
MADDPG,0,1350000,-4704.309309598458
MADDPG,0,1400000,-4696.666056572239
MADDPG,0,1450000,-4712.352733101205
MADDPG,0,1500000,-4686.236127741114
MADDPG,0,1550000,-4705.289462322982
MADDPG,0,1600000,-4678.214485304074
MADDPG,0,1650000,-4714.91179857119
MADDPG,0,1700000,-4689.7943874486455
MADDPG,0,1750000,-4667.228164189998
MADDPG,0,1800000,-4732.073941679336
MADDPG,0,1850000,-4690.4852310493025
MADDPG,0,1900000,-4685.212578997818
MADDPG,0,1950000,-4642.008590667369
MADDPG,0,2000000,-4716.742555220239
MADDPG,0,2050000,-4701.302795980985
MADDPG,0,2100000,-4688.9595183878655
MADDPG,0,2150000,-4669.877772742484
MADDPG,0,2200000,-4655.630084639681
MADDPG,0,2250000,-4669.094376078201
MADDPG,0,2300000,-4686.424005864304
MADDPG,0,2350000,-4712.664603014869
MADDPG,0,2400000,-4671.352874040377
MADDPG,0,2450000,-4680.338688357232
MADDPG,0,2500000,-4673.891019459948
MADDPG,0,2550000,-4648.236921299614
MADDPG,0,2600000,-4676.379901732853
MADDPG,0,2650000,-4715.624504454948
MADDPG,0,2700000,-4700.807343576043
MADDPG,0,2750000,-4662.92447499348
MADDPG,0,2800000,-4734.947457240375
MADDPG,0,2850000,-4647.277092445354
MADDPG,0,2900000,-4717.968878835322
MADDPG,0,2950000,-4691.60818321037
MADDPG,0,3000000,-4709.668478265752
MADDPG,0,3050000,-4660.296706377171
MADDPG,0,3100000,-4656.736486351594
MADDPG,0,3150000,-4724.695989023347
MADDPG,0,3200000,-4725.866406582495
MADDPG,0,3250000,-4731.7973893476765
MADDPG,0,3300000,-4648.29989866678
MADDPG,0,3350000,-4691.466983453652
MADDPG,0,3400000,-4690.931011203365
MADDPG,0,3450000,-4657.509907669216
MADDPG,0,3500000,-4699.222403151168
MADDPG,0,3550000,-4678.42143779094
MADDPG,0,3600000,-4707.63637101094
MADDPG,0,3650000,-4683.463042902179
MADDPG,0,3700000,-4684.380343287244
MADDPG,0,3750000,-4662.706059391561
MADDPG,0,3800000,-4685.186857799901
MADDPG,0,3850000,-4679.606524158929
MADDPG,0,3900000,-4682.790211192666
MADDPG,0,3950000,-4656.297080916833
MADDPG,0,4000000,-4687.179945527879
MADDPG,0,4050000,-4645.635923339234
MADDPG,0,4100000,-4661.262001305133
MADDPG,0,4150000,-4680.361710514441
MADDPG,0,4200000,-4676.637677616506
MADDPG,0,4250000,-4673.097691007415
MADDPG,0,4300000,-4724.26395786268
MADDPG,0,4350000,-4699.230526929689
MADDPG,0,4400000,-4681.399807907928
MADDPG,0,4450000,-4669.419149902383
MADDPG,0,4500000,-4708.5635896545255
MADDPG,0,4550000,-4679.726643543997
MADDPG,0,4600000,-4692.142031830395
MADDPG,0,4650000,-4712.5181330623445
MADDPG,0,4700000,-4704.504041201425
MADDPG,0,4750000,-4674.57484026115
MADDPG,0,4800000,-4697.83463173101
MADDPG,0,4850000,-4673.415595170978
MADDPG,0,4900000,-4694.9517756091245
MADDPG,0,4950000,-4665.726466104459
MADDPG,0,5000000,-4705.640651467902
MADDPG,1,50000,-11142.740675504303
MADDPG,1,100000,-6224.601923560354
MADDPG,1,150000,-7321.884145882004
MADDPG,1,200000,-4673.475434591393
MADDPG,1,250000,-5982.35966972684
MADDPG,1,300000,-4691.055753573506
MADDPG,1,350000,-5415.653902716664
MADDPG,1,400000,-4784.88203015828
MADDPG,1,450000,-4725.516467415401
MADDPG,1,500000,-4712.451437762432
MADDPG,1,550000,-4699.931467518919
MADDPG,1,600000,-4716.052246587377
MADDPG,1,650000,-4696.627317479561
MADDPG,1,700000,-4704.265976526045
MADDPG,1,750000,-4676.66060359328
MADDPG,1,800000,-4724.4374213552055
MADDPG,1,850000,-4682.789847943952
MADDPG,1,900000,-4686.108889170692
MADDPG,1,950000,-4669.457561017819
MADDPG,1,1000000,-4689.422621932911
MADDPG,1,1050000,-4694.362705229014
MADDPG,1,1100000,-4697.368806219465
MADDPG,1,1150000,-4698.024027346858
MADDPG,1,1200000,-4693.171115029919
MADDPG,1,1250000,-4690.207158816102
MADDPG,1,1300000,-4668.275409121158
MADDPG,1,1350000,-4702.632265063693
MADDPG,1,1400000,-4667.860662162309
MADDPG,1,1450000,-4707.427776703144
MADDPG,1,1500000,-4714.1346087828215
MADDPG,1,1550000,-4713.2220705476075
MADDPG,1,1600000,-4729.303052945124
MADDPG,1,1650000,-4718.219541262889
MADDPG,1,1700000,-4679.965471436121
MADDPG,1,1750000,-4724.233047428338
MADDPG,1,1800000,-4702.392697459433
MADDPG,1,1850000,-4724.487103141658
MADDPG,1,1900000,-4704.700706801247
MADDPG,1,1950000,-4730.965571577527
MADDPG,1,2000000,-4707.014436562792
MADDPG,1,2050000,-4680.415638387132
MADDPG,1,2100000,-4666.8429051262
MADDPG,1,2150000,-4671.110677586404
MADDPG,1,2200000,-4733.220922143358
MADDPG,1,2250000,-4698.9069231008525
MADDPG,1,2300000,-4662.695652560305
MADDPG,1,2350000,-4707.734726110671
MADDPG,1,2400000,-4741.978295773394
MADDPG,1,2450000,-4699.330130739857
MADDPG,1,2500000,-4692.579439317034
MADDPG,1,2550000,-4676.007952698494
MADDPG,1,2600000,-4687.36401229413
MADDPG,1,2650000,-4700.97102555601
MADDPG,1,2700000,-4675.572231564327
MADDPG,1,2750000,-4725.943464259237
MADDPG,1,2800000,-4717.507806169743
MADDPG,1,2850000,-4708.457188998874
MADDPG,1,2900000,-4667.444471428227
MADDPG,1,2950000,-4719.937620223382
MADDPG,1,3000000,-4742.237472974621
MADDPG,1,3050000,-4701.489106669355
MADDPG,1,3100000,-4674.466841967283
MADDPG,1,3150000,-4691.789620512299
MADDPG,1,3200000,-4695.683132695589
MADDPG,1,3250000,-4716.830708489644
MADDPG,1,3300000,-4715.46291201038
MADDPG,1,3350000,-4699.846165917299
MADDPG,1,3400000,-4680.75198516227
MADDPG,1,3450000,-4690.5959096335655
MADDPG,1,3500000,-4715.9039248142035
MADDPG,1,3550000,-4717.80394548199
MADDPG,1,3600000,-4697.7961003335895
MADDPG,1,3650000,-4686.93931948239
MADDPG,1,3700000,-4681.76940277845
MADDPG,1,3750000,-4669.049242866438
MADDPG,1,3800000,-4718.353197302131
MADDPG,1,3850000,-4716.417287376601
MADDPG,1,3900000,-4709.538734241926
MADDPG,1,3950000,-4718.349512062869
MADDPG,1,4000000,-4703.235193980154
MADDPG,1,4050000,-4691.057426837447
MADDPG,1,4100000,-4696.615134948826
MADDPG,1,4150000,-4699.391890395612
MADDPG,1,4200000,-4708.540233699633
MADDPG,1,4250000,-4681.69205696417
MADDPG,1,4300000,-4718.358553186671
MADDPG,1,4350000,-4682.312504890082
MADDPG,1,4400000,-4724.262008914572
MADDPG,1,4450000,-4709.625971495258
MADDPG,1,4500000,-4666.446388827783
MADDPG,1,4550000,-4729.566847074306
MADDPG,1,4600000,-4659.396869312488
MADDPG,1,4650000,-4715.9091810902355
MADDPG,1,4700000,-4716.664238047106
MADDPG,1,4750000,-4741.995274588256
MADDPG,1,4800000,-4724.69219316721
MADDPG,1,4850000,-4677.831430406407
MADDPG,1,4900000,-4721.734190809963
MADDPG,1,4950000,-4713.437120946287
MADDPG,1,5000000,-4689.368882738981
MADDPG,2,50000,-10016.259504995953
MADDPG,2,100000,-4743.024478780036
MADDPG,2,150000,-6405.883664802214
MADDPG,2,200000,-4732.625810270621
MADDPG,2,250000,-4773.34549942058
MADDPG,2,300000,-4767.403450614157
MADDPG,2,350000,-4795.359458380641
MADDPG,2,400000,-4786.498919225025
MADDPG,2,450000,-4809.653605933151
MADDPG,2,500000,-4826.067885560633
MADDPG,2,550000,-4827.390757759014
MADDPG,2,600000,-4779.697599707839
MADDPG,2,650000,-4802.590333075673
MADDPG,2,700000,-4825.934118651145
MADDPG,2,750000,-4784.236573504841
MADDPG,2,800000,-4781.263527333479
MADDPG,2,850000,-4793.570816357381
MADDPG,2,900000,-4775.729805581002
MADDPG,2,950000,-4824.579282676842
MADDPG,2,1000000,-4785.238428280734
MADDPG,2,1050000,-4754.148354872698
MADDPG,2,1100000,-4795.507785027968
MADDPG,2,1150000,-4814.158864596968
MADDPG,2,1200000,-4772.5981832835205
MADDPG,2,1250000,-4820.701679996709
MADDPG,2,1300000,-4789.823601713764
MADDPG,2,1350000,-4778.210180501536
MADDPG,2,1400000,-4815.058924405491
MADDPG,2,1450000,-4807.933164974774
MADDPG,2,1500000,-4766.8030074010585
MADDPG,2,1550000,-4774.756777767129
MADDPG,2,1600000,-4785.085451758031
MADDPG,2,1650000,-4741.382590136883
MADDPG,2,1700000,-4791.131862413428
MADDPG,2,1750000,-4781.374343469673
MADDPG,2,1800000,-4821.49954178572
MADDPG,2,1850000,-4783.7835965463055
MADDPG,2,1900000,-4801.431719197018
MADDPG,2,1950000,-4803.614746322951
MADDPG,2,2000000,-4788.357968853296
MADDPG,2,2050000,-4816.5787194467575
MADDPG,2,2100000,-4813.313270570174
MADDPG,2,2150000,-4795.312501967414
MADDPG,2,2200000,-4788.713314531567
MADDPG,2,2250000,-4775.737825581674
MADDPG,2,2300000,-4764.592568973921
MADDPG,2,2350000,-4789.509827158337
MADDPG,2,2400000,-4791.731844034116
MADDPG,2,2450000,-4767.063146991378
MADDPG,2,2500000,-4735.570858273205
MADDPG,2,2550000,-4775.494359650089
MADDPG,2,2600000,-4808.8654995832685
MADDPG,2,2650000,-4816.4610299027545
MADDPG,2,2700000,-4771.820029874691
MADDPG,2,2750000,-4786.880638722697
MADDPG,2,2800000,-4773.848322076399
MADDPG,2,2850000,-4825.200866122055
MADDPG,2,2900000,-4794.431302289135
MADDPG,2,2950000,-4818.990941988277
MADDPG,2,3000000,-4761.589753354995
MADDPG,2,3050000,-4773.52203975071
MADDPG,2,3100000,-4783.290830246309
MADDPG,2,3150000,-4755.513654218356
MADDPG,2,3200000,-4776.231922373481
MADDPG,2,3250000,-4804.675963933112
MADDPG,2,3300000,-4776.955980743253
MADDPG,2,3350000,-4810.610997778631
MADDPG,2,3400000,-4822.12448035
MADDPG,2,3450000,-4811.510935567625
MADDPG,2,3500000,-4809.624814730055
MADDPG,2,3550000,-4763.514985660835
MADDPG,2,3600000,-4789.264208448117
MADDPG,2,3650000,-4759.844385528588
MADDPG,2,3700000,-4756.899758518911
MADDPG,2,3750000,-4788.992230705498
MADDPG,2,3800000,-4786.814861416684
MADDPG,2,3850000,-4790.179183846994
MADDPG,2,3900000,-4797.45566639741
MADDPG,2,3950000,-4856.486613637903
MADDPG,2,4000000,-4811.495459350729
MADDPG,2,4050000,-4796.046612079652
MADDPG,2,4100000,-4751.644393512151
MADDPG,2,4150000,-4789.881032282142
MADDPG,2,4200000,-4771.591937812803
MADDPG,2,4250000,-4810.133826988528
MADDPG,2,4300000,-4791.574220729575
MADDPG,2,4350000,-4783.468151594809
MADDPG,2,4400000,-4745.432322900641
MADDPG,2,4450000,-4761.121664474986
MADDPG,2,4500000,-4807.717555930192
MADDPG,2,4550000,-4820.512653009429
MADDPG,2,4600000,-4820.256131383215
MADDPG,2,4650000,-4809.669690610586
MADDPG,2,4700000,-4775.008919074752
MADDPG,2,4750000,-4779.9697340913835
MADDPG,2,4800000,-4811.401276421063
MADDPG,2,4850000,-4763.840499410799
MADDPG,2,4900000,-4797.209776795863
MADDPG,2,4950000,-4788.158359369755
MADDPG,2,5000000,-4789.102620216509
MADDPG,3,50000,-5678.301175648016
MADDPG,3,100000,-4676.98977819476
MADDPG,3,150000,-4700.373440264482
MADDPG,3,200000,-4681.113738696715
MADDPG,3,250000,-4660.345310545355
MADDPG,3,300000,-4673.030914681873
MADDPG,3,350000,-4632.720937399611
MADDPG,3,400000,-4659.758638627576
MADDPG,3,450000,-4666.576734078368
MADDPG,3,500000,-4662.312237879393
MADDPG,3,550000,-4679.978894997128
MADDPG,3,600000,-4620.58094462629
MADDPG,3,650000,-4644.51055474231
MADDPG,3,700000,-4685.146024980892
MADDPG,3,750000,-4709.874181181011
MADDPG,3,800000,-4718.749194155825
MADDPG,3,850000,-4633.4826208729
MADDPG,3,900000,-4645.434359924165
MADDPG,3,950000,-4677.989223753251
MADDPG,3,1000000,-4690.937194162864
MADDPG,3,1050000,-4695.491994799174
MADDPG,3,1100000,-4672.373437206626
MADDPG,3,1150000,-4652.863447507994
MADDPG,3,1200000,-4680.549716197843
MADDPG,3,1250000,-4648.48081289572
MADDPG,3,1300000,-4700.264770952549
MADDPG,3,1350000,-4674.220440512241
MADDPG,3,1400000,-4677.541998388823
MADDPG,3,1450000,-4645.03634315171
MADDPG,3,1500000,-4673.1662537647535
MADDPG,3,1550000,-4716.394796220023
MADDPG,3,1600000,-4615.189632736495
MADDPG,3,1650000,-4676.300137799516
MADDPG,3,1700000,-4667.205924606971
MADDPG,3,1750000,-4702.273464122806
MADDPG,3,1800000,-4650.042749815472
MADDPG,3,1850000,-4698.084016942636
MADDPG,3,1900000,-4693.432917807344
MADDPG,3,1950000,-4654.64636964732
MADDPG,3,2000000,-4686.764476252217
MADDPG,3,2050000,-4639.892054513176
MADDPG,3,2100000,-4661.795455918498
MADDPG,3,2150000,-4656.880895777658
MADDPG,3,2200000,-4656.555010504978
MADDPG,3,2250000,-4658.213414515405
MADDPG,3,2300000,-4642.401422444286
MADDPG,3,2350000,-4692.55935244019
MADDPG,3,2400000,-4728.433613023218
MADDPG,3,2450000,-4663.194429793023
MADDPG,3,2500000,-4642.283668031231
MADDPG,3,2550000,-4679.161311734251
MADDPG,3,2600000,-4701.493630797404
MADDPG,3,2650000,-4687.607629156596
MADDPG,3,2700000,-4677.7136565814635
MADDPG,3,2750000,-4693.059326313287
MADDPG,3,2800000,-4645.669303902033
MADDPG,3,2850000,-4675.676143118856
MADDPG,3,2900000,-4627.916995105533
MADDPG,3,2950000,-4672.978246479012
MADDPG,3,3000000,-4652.65237652924
MADDPG,3,3050000,-4629.612517158346
MADDPG,3,3100000,-4714.366564673283
MADDPG,3,3150000,-4658.166526892346
MADDPG,3,3200000,-4651.354418564237
MADDPG,3,3250000,-4693.863519324321
MADDPG,3,3300000,-4694.470532851685
MADDPG,3,3350000,-4668.057113919438
MADDPG,3,3400000,-4655.866632041464
MADDPG,3,3450000,-4665.110807000677
MADDPG,3,3500000,-4654.822726676556
MADDPG,3,3550000,-4650.27465198477
MADDPG,3,3600000,-4692.2734026247745
MADDPG,3,3650000,-4693.114955734665
MADDPG,3,3700000,-4677.587902950155
MADDPG,3,3750000,-4708.879457410502
MADDPG,3,3800000,-4690.608441924981
MADDPG,3,3850000,-4627.451690549123
MADDPG,3,3900000,-4656.961456553544
MADDPG,3,3950000,-4675.794528807897
MADDPG,3,4000000,-4643.343530001815
MADDPG,3,4050000,-4660.136485561137
MADDPG,3,4100000,-4661.218893577793
MADDPG,3,4150000,-4713.4113391700175
MADDPG,3,4200000,-4680.557882808643
MADDPG,3,4250000,-4701.389333414539
MADDPG,3,4300000,-4704.004935118905
MADDPG,3,4350000,-4641.787984526128
MADDPG,3,4400000,-4649.83308711974
MADDPG,3,4450000,-4712.65481169792
MADDPG,3,4500000,-4663.374461637119
MADDPG,3,4550000,-4595.834664373607
MADDPG,3,4600000,-4691.394137118485
MADDPG,3,4650000,-4681.00903849369
MADDPG,3,4700000,-4658.287337619212
MADDPG,3,4750000,-4660.967798414448
MADDPG,3,4800000,-4676.119091108682
MADDPG,3,4850000,-4667.229482759659
MADDPG,3,4900000,-4675.233407401015
MADDPG,3,4950000,-4645.850248458222
MADDPG,3,5000000,-4642.899882339715
MADDPG,4,50000,-10111.042542436828
MADDPG,4,100000,-6486.524001284787
MADDPG,4,150000,-9170.855573272627
MADDPG,4,200000,-8836.848866523866
MADDPG,4,250000,-5918.94189387952
MADDPG,4,300000,-8050.048033625651
MADDPG,4,350000,-6798.884696561669
MADDPG,4,400000,-14386.960086908859
MADDPG,4,450000,-14414.186681752484
MADDPG,4,500000,-14532.635216352533
MADDPG,4,550000,-14358.927094508515
MADDPG,4,600000,-14085.327894033011
MADDPG,4,650000,-14415.69168383906
MADDPG,4,700000,-13192.74054193199
MADDPG,4,750000,-13386.149859049689
MADDPG,4,800000,-13416.022227798663
MADDPG,4,850000,-13236.119009706275
MADDPG,4,900000,-13441.711433293991
MADDPG,4,950000,-13519.771087182107
MADDPG,4,1000000,-13246.706866186221
MADDPG,4,1050000,-13080.850379669895
MADDPG,4,1100000,-13376.442243344427
MADDPG,4,1150000,-13232.926695517637
MADDPG,4,1200000,-13324.44323358746
MADDPG,4,1250000,-13290.171274205148
MADDPG,4,1300000,-13659.988777674258
MADDPG,4,1350000,-13133.400688552907
MADDPG,4,1400000,-13446.365642604214
MADDPG,4,1450000,-13289.290088307833
MADDPG,4,1500000,-12082.083354778606
MADDPG,4,1550000,-12420.626846872608
MADDPG,4,1600000,-12095.852011922372
MADDPG,4,1650000,-12240.709033237703
MADDPG,4,1700000,-12102.713883172702
MADDPG,4,1750000,-12112.117023178373
MADDPG,4,1800000,-11972.52590476229
MADDPG,4,1850000,-12445.981768498865
MADDPG,4,1900000,-12111.62883513803
MADDPG,4,1950000,-12267.563666187505
MADDPG,4,2000000,-12508.951408848226
MADDPG,4,2050000,-12179.348670392887
MADDPG,4,2100000,-11873.809342761899
MADDPG,4,2150000,-11953.852393487567
MADDPG,4,2200000,-12303.515076925267
MADDPG,4,2250000,-12680.145676270527
MADDPG,4,2300000,-12123.451784908422
MADDPG,4,2350000,-12159.580227978762
MADDPG,4,2400000,-12456.051500577443
MADDPG,4,2450000,-12270.877723127844
MADDPG,4,2500000,-12337.806251895816
MADDPG,4,2550000,-12569.737022358679
MADDPG,4,2600000,-11937.560468092955
MADDPG,4,2650000,-12142.986332760032
MADDPG,4,2700000,-11990.471436213094
MADDPG,4,2750000,-12161.567327028404
MADDPG,4,2800000,-12227.570002174654
MADDPG,4,2850000,-12067.392406958283
MADDPG,4,2900000,-12112.173940693603
MADDPG,4,2950000,-12282.120298068605
MADDPG,4,3000000,-12261.409665368084
MADDPG,4,3050000,-11854.640729790584
MADDPG,4,3100000,-12134.315201114387
MADDPG,4,3150000,-12305.07548422626
MADDPG,4,3200000,-12199.307712898364
MADDPG,4,3250000,-12084.540190824186
MADDPG,4,3300000,-12111.17833957779
MADDPG,4,3350000,-12090.685947518139
MADDPG,4,3400000,-12029.45566913486
MADDPG,4,3450000,-12269.479002343765
MADDPG,4,3500000,-12234.834274872132
MADDPG,4,3550000,-12286.33770058113
MADDPG,4,3600000,-12109.921302467801
MADDPG,4,3650000,-12276.630037661203
MADDPG,4,3700000,-12417.00825438945
MADDPG,4,3750000,-11906.313639811216
MADDPG,4,3800000,-12379.137216514066
MADDPG,4,3850000,-11787.404406993317
MADDPG,4,3900000,-12102.437880265561
MADDPG,4,3950000,-12215.458764663343
MADDPG,4,4000000,-11910.369401651607
MADDPG,4,4050000,-12320.588897689386
MADDPG,4,4100000,-11256.632296500658
MADDPG,4,4150000,-11180.539625827714
MADDPG,4,4200000,-10981.883695917746
MADDPG,4,4250000,-10800.237611166562
MADDPG,4,4300000,-11116.462109249751
MADDPG,4,4350000,-11566.562581006423
MADDPG,4,4400000,-11519.26446694326
MADDPG,4,4450000,-11181.456013300802
MADDPG,4,4500000,-11255.876304260355
MADDPG,4,4550000,-11019.81476340502
MADDPG,4,4600000,-11555.01600347086
MADDPG,4,4650000,-11155.322331855323
MADDPG,4,4700000,-11276.383545779783
MADDPG,4,4750000,-11178.310766325494
MADDPG,4,4800000,-11485.602560441268
MADDPG,4,4850000,-11230.865064987494
MADDPG,4,4900000,-10938.891916291672
MADDPG,4,4950000,-11263.345438576174
MADDPG,4,5000000,-11240.568811897116
