{
  "artifacts": [],
  "command": "my_main",
  "experiment": {
    "base_dir": "C:\\Users\\23732\\Desktop\\MARL\u8fb9\u7f18\u8c03\u5ea6\u5b9e\u9a8c\\pymarl\\src",
    "dependencies": [
      "numpy==1.26.4",
      "pyyaml==6.0.3",
      "sacred==0.8.7",
      "torch==2.4.1+cu121"
    ],
    "mainfile": "main.py",
    "name": "pymarl",
    "repositories": [
      {
        "commit": "c971afdceb34635d31b778021b0ef90d7af51e86",
        "dirty": true,
        "url": "https://github.com/oxwhirl/pymarl.git"
      },
      {
        "commit": "c971afdceb34635d31b778021b0ef90d7af51e86",
        "dirty": true,
        "url": "https://github.com/oxwhirl/pymarl.git"
      },
      {
        "commit": "c971afdceb34635d31b778021b0ef90d7af51e86",
        "dirty": true,
        "url": "https://github.com/oxwhirl/pymarl.git"
      }
    ],
    "sources": [
      [
        "main.py",
        "_sources\\main_d631a413c65497fadeab47680021f4e3.py"
      ],
      [
        "run.py",
        "_sources\\run_b0aaad29119fb7a2d25dd2f9c859d27e.py"
      ],
      [
        "utils\\logging.py",
        "_sources\\logging_b0277773964fc75c1060bdfa73d23ffb.py"
      ]
    ]
  },
  "fail_trace": [
    "Traceback (most recent call last):\n",
    "  File \"C:\\Users\\23732\\anaconda3\\envs\\marl\\lib\\site-packages\\numpy\\core\\fromnumeric.py\", line 59, in _wrapfunc\n    return bound(*args, **kwds)\n",
    "TypeError: clip() received an invalid combination of arguments - got (int, int, out=NoneType), but expected one of:\n * (Tensor min = None, Tensor max = None)\n * (Number min = None, Number max = None)\n\n",
    "\nDuring handling of the above exception, another exception occurred:\n\n",
    "Traceback (most recent call last):\n",
    "  File \"C:\\Users\\23732\\anaconda3\\envs\\marl\\lib\\site-packages\\sacred\\config\\captured_function.py\", line 42, in captured_function\n    result = wrapped(*args, **kwargs)\n",
    "  File \"C:\\Users\\23732\\Desktop\\MARL\u8fb9\u7f18\u8c03\u5ea6\u5b9e\u9a8c\\pymarl\\src\\main.py\", line 35, in my_main\n    run(_run, config, _log)\n",
    "  File \"C:\\Users\\23732\\Desktop\\MARL\u8fb9\u7f18\u8c03\u5ea6\u5b9e\u9a8c\\pymarl\\src\\run.py\", line 48, in run\n    run_sequential(args=args, logger=logger)\n",
    "  File \"C:\\Users\\23732\\Desktop\\MARL\u8fb9\u7f18\u8c03\u5ea6\u5b9e\u9a8c\\pymarl\\src\\run.py\", line 166, in run_sequential\n    episode_batch = runner.run(test_mode=False)\n",
    "  File \"C:\\Users\\23732\\Desktop\\MARL\u8fb9\u7f18\u8c03\u5ea6\u5b9e\u9a8c\\pymarl\\src\\runners\\episode_runner.py\", line 69, in run\n    reward, terminated, env_info = self.env.step(actions[0])\n",
    "  File \"C:\\Users\\23732\\Desktop\\MARL\u8fb9\u7f18\u8c03\u5ea6\u5b9e\u9a8c\\pymarl\\src\\envs\\edge_marl_env.py\", line 99, in step\n    target_node = int(np.clip(raw_action, 0, self.n_agents - 1))\n",
    "  File \"C:\\Users\\23732\\anaconda3\\envs\\marl\\lib\\site-packages\\numpy\\core\\fromnumeric.py\", line 2169, in clip\n    return _wrapfunc(a, 'clip', a_min, a_max, out=out, **kwargs)\n",
    "  File \"C:\\Users\\23732\\anaconda3\\envs\\marl\\lib\\site-packages\\numpy\\core\\fromnumeric.py\", line 68, in _wrapfunc\n    return _wrapit(obj, method, *args, **kwds)\n",
    "  File \"C:\\Users\\23732\\anaconda3\\envs\\marl\\lib\\site-packages\\numpy\\core\\fromnumeric.py\", line 45, in _wrapit\n    result = getattr(asarray(obj), method)(*args, **kwds)\n",
    "  File \"C:\\Users\\23732\\anaconda3\\envs\\marl\\lib\\site-packages\\torch\\_tensor.py\", line 1083, in __array__\n    return self.numpy()\n",
    "TypeError: can't convert cuda:0 device type tensor to numpy. Use Tensor.cpu() to copy the tensor to host memory first.\n"
  ],
  "heartbeat": "2025-11-30T07:49:56.532415",
  "host": {
    "ENV": {},
    "cpu": "13th Gen Intel(R) Core(TM) i9-13900H",
    "gpus": {
      "driver_version": "566.26",
      "gpus": [
        {
          "model": "NVIDIA GeForce RTX 4060 Laptop GPU",
          "persistence_mode": false,
          "total_memory": 8188
        }
      ]
    },
    "hostname": "aqmthinkbook",
    "os": [
      "Windows",
      "Windows-10-10.0.26100-SP0"
    ],
    "python_version": "3.10.19"
  },
  "meta": {
    "command": "my_main",
    "config_updates": {
      "seed": 0
    },
    "named_configs": [],
    "options": {
      "--beat-interval": null,
      "--capture": null,
      "--comment": null,
      "--debug": false,
      "--enforce_clean": false,
      "--file_storage": null,
      "--force": false,
      "--help": false,
      "--id": null,
      "--loglevel": null,
      "--mongo_db": null,
      "--name": null,
      "--pdb": false,
      "--print-config": false,
      "--priority": null,
      "--queue": false,
      "--s3": null,
      "--sql": null,
      "--tiny_db": null,
      "--unobserved": false,
      "COMMAND": null,
      "UPDATE": [
        "seed=0"
      ],
      "help": false,
      "with": true
    }
  },
  "resources": [],
  "result": null,
  "start_time": "2025-11-30T07:49:53.220108",
  "status": "FAILED",
  "stop_time": "2025-11-30T07:49:56.534984"
}